SET session_replication_role = 'replica';

TRUNCATE TABLE "projects" CASCADE;
TRUNCATE TABLE "tasks" CASCADE;
TRUNCATE TABLE "comments" CASCADE;
TRUNCATE TABLE "users" CASCADE;

INSERT INTO "comments" ("id", "task_id", "user_id", "content", "created_at") VALUES
('38', '6', '1', 'I appreciate the timely updates.', '2019-12-31 04:05:44'),
('95', '10', '1', 'We must remain adaptable.', '2014-07-10 10:18:58'),
('5', '80', '10', 'The deadline seems tight, can we extend it?', '2017-04-07 05:01:24'),
('34', '15', '10', 'There’s always room for innovation.', '2015-06-14 18:13:57'),
('36', '50', '10', 'Let’s set measurable targets.', '2015-10-31 12:51:48'),
('87', '37', '10', 'I’m proud of what we’ve accomplished!', '2003-03-22 15:23:13'),
('4', '78', '14', 'It’s important to maintain enthusiasm.', '2024-11-12 20:15:11'),
('100', '6', '14', 'There’s always room for innovation.', '2003-09-16 15:13:15'),
('69', '53', '15', 'This approach could lead to better results.', '2020-11-12 02:53:39'),
('70', '11', '15', 'I have a few questions about the requirements.', '2003-11-14 11:11:03'),
('55', '24', '16', 'I think our progress is commendable.', '2023-12-25 08:44:08'),
('68', '38', '17', 'How can I assist with the current tasks?', '2000-11-20 20:35:55'),
('29', '94', '18', 'Can we allocate more budget to this?', '2013-06-06 19:01:04'),
('14', '40', '19', 'Feedback from the team was positive.', '2021-01-07 05:49:43'),
('71', '76', '19', 'Can we get an update on the task status?', '2009-09-29 03:10:38'),
('18', '11', '2', 'Let’s address concerns as a team.', '2005-10-04 18:02:57'),
('62', '33', '2', 'How can we improve our workflow?', '2020-02-03 00:37:28'),
('13', '36', '21', 'Utilizing diverse perspectives could enhance our approach.', '2023-09-20 03:53:12'),
('82', '76', '22', 'I’d like to contribute more to this task.', '2015-06-27 14:35:08'),
('1', '69', '23', 'We must remain adaptable.', '2006-11-13 23:52:28'),
('31', '74', '23', 'The deadline seems tight, can we extend it?', '2013-10-12 00:14:13'),
('61', '21', '24', 'We should review our milestones.', '2008-04-20 23:02:00'),
('21', '59', '25', 'Are there any blockers we should address?', '2006-09-08 19:57:45'),
('26', '33', '25', 'Let’s address concerns as a team.', '2023-04-14 16:24:12'),
('32', '25', '27', 'Let’s schedule a meeting to discuss this.', '2005-04-07 16:55:25'),
('57', '6', '27', 'I appreciate everyone’s input on this.', '2007-02-08 00:26:19'),
('96', '90', '33', 'A follow-up on the last meeting would help.', '2005-09-29 19:05:58'),
('49', '37', '34', 'We need to outline clear goals.', '2011-08-10 19:30:11'),
('91', '74', '34', 'I see potential synergy in our teams.', '2006-09-19 09:11:33'),
('97', '75', '34', 'What resources do we need?', '2001-03-12 04:59:03'),
('12', '99', '36', 'I’m not sure about this direction.', '2018-02-24 15:04:40'),
('86', '77', '37', 'Kudos to the team for their efforts!', '2021-06-01 12:54:09'),
('88', '50', '37', 'There are some issues we need to address.', '2006-05-21 15:30:06'),
('17', '3', '41', 'I see potential in this initiative.', '2021-10-07 20:29:03'),
('27', '26', '41', 'Great job on the project!', '2001-06-20 00:46:57'),
('28', '51', '42', 'Let’s not lose sight of our objectives.', '2015-04-28 04:01:58'),
('79', '21', '42', 'There were some challenges, but we managed.', '2018-02-19 17:44:00'),
('52', '11', '44', 'Let’s focus on quality over quantity.', '2018-07-30 12:59:15'),
('48', '29', '45', 'I see great collaboration happening!', '2011-04-18 20:00:47'),
('93', '7', '47', 'It’s great to see everyone’s commitment!', '2020-09-28 13:55:05'),
('30', '11', '48', 'Can someone share the latest report?', '2023-09-16 20:47:45'),
('73', '31', '49', 'I think our progress is commendable.', '2013-12-29 20:04:54'),
('58', '73', '5', 'Team dynamics have improved significantly.', '2008-05-25 19:33:40'),
('47', '88', '50', 'I have faith in our collective ability!', '2017-03-10 16:59:37'),
('45', '13', '51', 'Let’s highlight challenges and solutions.', '2015-05-02 02:44:40'),
('76', '15', '51', 'Can we enhance our customer focus?', '2005-04-17 01:47:01'),
('72', '60', '53', 'Looking forward to the next steps.', '2005-06-23 13:27:47'),
('80', '86', '54', 'I think we are on the right track!', '2019-10-09 01:20:19'),
('8', '45', '55', 'Can we enhance our customer focus?', '2007-11-14 21:41:10'),
('59', '42', '56', 'Feedback loops will enhance our output.', '2008-12-20 15:35:23'),
('10', '5', '57', 'Let’s focus on user-centered design.', '2025-01-12 00:07:42'),
('66', '97', '57', 'Each contribution matters!', '2016-11-07 20:55:41'),
('67', '56', '57', 'I believe in our team''s capability.', '2011-09-10 19:13:04'),
('84', '50', '6', 'Feedback loops will enhance our output.', '2012-08-04 16:09:18'),
('19', '86', '60', 'What resources do we need?', '2002-08-26 07:05:00'),
('44', '89', '60', 'I think we should celebrate our milestones.', '2002-03-18 07:01:20'),
('46', '80', '60', 'I would love to hear from everyone.', '2001-11-08 00:39:52'),
('16', '1', '62', 'Let’s address concerns as a team.', '2011-06-18 00:23:25'),
('6', '14', '63', 'A follow-up on the last meeting would help.', '2013-06-09 13:04:50'),
('54', '69', '63', 'Great job on the project!', '2023-09-09 12:51:33'),
('89', '95', '64', 'The initial results look promising.', '2001-07-25 14:56:03'),
('37', '96', '67', 'I’m optimistic about our direction.', '2013-02-19 07:51:28'),
('39', '26', '67', 'Can we enhance our customer focus?', '2011-11-26 17:05:05'),
('23', '29', '69', 'Let’s leverage our strengths for this task.', '2016-03-25 16:02:33'),
('50', '3', '69', 'A proactive approach is essential.', '2000-09-01 07:05:47'),
('65', '37', '69', 'We are making strides toward our goals.', '2012-02-04 00:38:06'),
('41', '10', '7', 'I think brainstorming sessions would be beneficial.', '2012-10-07 15:20:39'),
('9', '18', '72', 'Each contribution matters!', '2004-11-06 07:58:59'),
('90', '33', '72', 'Scheduling conflicts have been tricky.', '2001-07-30 18:24:19'),
('51', '48', '73', 'What’s the plan for next quarter?', '2008-03-24 21:32:39'),
('56', '45', '74', 'I’m excited to see the outcome!', '2022-09-07 20:20:32'),
('85', '18', '74', 'It’s great to see everyone’s commitment!', '2012-06-01 01:34:43'),
('33', '74', '75', 'Our customers should always be at the forefront.', '2016-11-21 23:47:51'),
('74', '29', '76', 'Let’s brainstorm new ideas.', '2013-03-27 00:57:32'),
('64', '40', '78', 'Let’s focus on user-centered design.', '2002-06-09 15:45:38'),
('92', '32', '79', 'Sustainability should be our priority.', '2024-03-11 07:52:13'),
('83', '79', '8', 'Kudos to the team for their efforts!', '2012-08-12 17:29:18'),
('35', '46', '80', 'I believe we should prioritize this feature.', '2014-09-30 22:57:18'),
('24', '67', '81', 'We should review our milestones.', '2006-07-03 12:13:58'),
('77', '81', '81', 'I believe clarity is key in our discussions.', '2008-01-04 00:21:12'),
('2', '18', '82', 'Let’s address concerns as a team.', '2004-09-29 07:47:41'),
('25', '81', '85', 'Can we incorporate more user feedback?', '2019-10-04 14:48:43'),
('22', '79', '87', 'There were some challenges, but we managed.', '2016-08-25 01:47:38'),
('7', '75', '89', 'I’m looking forward to the next phases.', '2024-12-16 20:42:00'),
('94', '55', '89', 'We should gather external opinions.', '2006-06-10 02:22:05'),
('98', '22', '9', 'I think our progress is commendable.', '2008-12-18 02:47:20'),
('42', '9', '90', 'I’m excited to see the outcome!', '2010-02-12 14:33:13'),
('81', '72', '90', 'I have a few ideas I’d like to share.', '2005-10-14 16:02:23'),
('53', '62', '91', 'Team dynamics have improved significantly.', '2004-11-20 12:12:35'),
('78', '90', '91', 'I think we should focus on user testing.', '2015-12-17 04:18:38'),
('40', '73', '92', 'We need to outline clear goals.', '2002-02-11 03:26:59'),
('60', '83', '93', 'I see potential synergy in our teams.', '2008-11-22 10:42:46'),
('99', '57', '93', 'We need to outline clear goals.', '2023-10-16 06:46:25'),
('11', '61', '94', 'We need to sustain our momentum.', '2023-07-24 14:16:57'),
('63', '54', '95', 'Who is responsible for the next phase?', '2014-06-14 19:31:58'),
('3', '78', '97', 'Let’s focus on quality over quantity.', '2014-08-16 07:21:22'),
('43', '84', '97', 'The feedback was really helpful.', '2009-07-29 06:26:29'),
('20', '2', '98', 'Sustainability should be our priority.', '2002-05-08 02:37:10'),
('15', '11', '99', 'Feedback loops will enhance our output.', '2006-06-06 04:31:12'),
('75', '88', '99', 'Looking forward to the next steps.', '2022-03-18 20:19:26');


INSERT INTO "projects" ("id", "name", "description", "owner_id", "created_at", "updated_at") VALUES
('1', 'Project Xi', 'Building a network of solar energy microgrids.', '74', '2003-12-17', '2007-02-17'),
('2', 'Project Tau', 'Mapping urban heat islands and proposing solutions.', '45', '2008-10-14', '2017-07-23'),
('3', 'Project Pi', 'Enhancing water purification techniques for communities.', '84', '2011-02-07', '2016-04-17'),
('4', 'Project Sigma', 'A crop rotation project for sustainable agriculture.', '58', '2003-10-26', '2014-04-09'),
('5', 'Project Theta', 'Exploring the potential of blockchain in supply chains.', '97', '2012-07-29', '2017-09-03'),
('6', 'Project Xi', 'Building a network of solar energy microgrids.', '20', '2007-03-23', '2010-02-10'),
('7', 'Project Theta', 'Exploring the potential of blockchain in supply chains.', '60', '2016-03-21', '2011-01-06'),
('8', 'Project Lambda', 'A project to improve mental health care access.', '60', '2010-04-15', '2011-01-19'),
('9', 'Project Xi', 'Building a network of solar energy microgrids.', '58', '2018-08-06', '2001-11-18'),
('10', 'Project Delta', 'Developing advanced AI algorithms for healthcare.', '82', '2009-11-28', '2009-05-25'),
('11', 'Project Upsilon', 'Revitalizing historic neighborhoods through art.', '16', '2014-07-15', '2015-11-28'),
('12', 'Project Tau', 'Mapping urban heat islands and proposing solutions.', '18', '2023-03-08', '2008-08-19'),
('13', 'Project Upsilon', 'Revitalizing historic neighborhoods through art.', '33', '2011-11-02', '2005-10-22'),
('14', 'Project Omicron', 'Creating an online marketplace for handmade goods.', '55', '2018-11-12', '2011-08-11'),
('15', 'Project Beta', 'An innovative approach to enhancing urban mobility.', '93', '2003-10-27', '2004-02-28'),
('16', 'Project Eta', 'A community-driven project aimed at reducing waste.', '26', '2025-02-25', '2018-03-31'),
('17', 'Project Zeta', 'Researching new methods in renewable resource management.', '94', '2015-07-13', '2023-05-31'),
('18', 'Project Rho', 'Developing educational software for children with disabilities.', '26', '2023-05-01', '2015-06-26'),
('19', 'Project Pi', 'Enhancing water purification techniques for communities.', '15', '2015-09-06', '2018-12-10'),
('20', 'Project Nu', 'Investigating alternative proteins for a sustainable diet.', '20', '2012-09-03', '2015-05-27'),
('21', 'Project Mu', 'Development of a mobile app for local farmers.', '52', '2006-05-21', '2001-03-06'),
('22', 'Project Beta', 'An innovative approach to enhancing urban mobility.', '63', '2013-03-15', '2024-01-09'),
('23', 'Project Pi', 'Enhancing water purification techniques for communities.', '4', '2003-07-18', '2024-06-09'),
('24', 'Project Eta', 'A community-driven project aimed at reducing waste.', '18', '2013-03-16', '2004-12-19'),
('25', 'Project Upsilon', 'Revitalizing historic neighborhoods through art.', '89', '2014-04-16', '2023-07-12'),
('26', 'Project Rho', 'Developing educational software for children with disabilities.', '44', '2015-12-19', '2007-09-09'),
('27', 'Project Xi', 'Building a network of solar energy microgrids.', '37', '2021-07-29', '2000-02-03'),
('28', 'Project Delta', 'Developing advanced AI algorithms for healthcare.', '95', '2021-01-01', '2004-07-31'),
('29', 'Project Nu', 'Investigating alternative proteins for a sustainable diet.', '29', '2009-08-12', '2023-02-08'),
('30', 'Project Tau', 'Mapping urban heat islands and proposing solutions.', '33', '2018-12-27', '2015-08-01'),
('31', 'Project Delta', 'Developing advanced AI algorithms for healthcare.', '57', '2015-07-12', '2008-11-28'),
('32', 'Project Omicron', 'Creating an online marketplace for handmade goods.', '41', '2020-07-26', '2003-02-08'),
('33', 'Project Zeta', 'Researching new methods in renewable resource management.', '14', '2000-08-03', '2002-09-21'),
('34', 'Project Theta', 'Exploring the potential of blockchain in supply chains.', '75', '2013-03-09', '2012-06-25'),
('35', 'Project Upsilon', 'Revitalizing historic neighborhoods through art.', '60', '2006-08-22', '2008-07-23'),
('36', 'Project Lambda', 'A project to improve mental health care access.', '98', '2016-07-12', '2022-02-01'),
('37', 'Project Mu', 'Development of a mobile app for local farmers.', '73', '2019-06-12', '2003-01-19'),
('38', 'Project Pi', 'Enhancing water purification techniques for communities.', '42', '2008-06-30', '2012-04-02'),
('39', 'Project Omicron', 'Creating an online marketplace for handmade goods.', '15', '2000-05-04', '2017-05-02'),
('40', 'Project Theta', 'Exploring the potential of blockchain in supply chains.', '29', '2022-05-30', '2009-06-20'),
('41', 'Project Zeta', 'Researching new methods in renewable resource management.', '9', '2022-05-30', '2020-08-31'),
('42', 'Project Delta', 'Developing advanced AI algorithms for healthcare.', '71', '2007-03-17', '2017-11-10'),
('43', 'Project Iota', 'Designing smart cities for the future.', '11', '2016-03-09', '2022-05-02'),
('44', 'Project Epsilon', 'Creating a platform for online education and skill development.', '79', '2015-09-16', '2019-03-17'),
('45', 'Project Iota', 'Designing smart cities for the future.', '82', '2008-02-23', '2024-02-25'),
('46', 'Project Upsilon', 'Revitalizing historic neighborhoods through art.', '16', '2023-03-19', '2020-04-17'),
('47', 'Project Iota', 'Designing smart cities for the future.', '72', '2021-01-20', '2018-01-04'),
('48', 'Project Zeta', 'Researching new methods in renewable resource management.', '70', '2022-10-29', '2020-04-19'),
('49', 'Project Theta', 'Exploring the potential of blockchain in supply chains.', '65', '2014-08-25', '2000-02-13'),
('50', 'Project Epsilon', 'Creating a platform for online education and skill development.', '85', '2005-02-26', '2007-03-24'),
('51', 'Project Delta', 'Developing advanced AI algorithms for healthcare.', '49', '2002-04-16', '2017-06-17'),
('52', 'Project Upsilon', 'Revitalizing historic neighborhoods through art.', '62', '2024-04-09', '2022-03-31'),
('53', 'Project Lambda', 'A project to improve mental health care access.', '50', '2004-10-30', '2010-11-25'),
('54', 'Project Kappa', 'Innovating methods for data privacy and security.', '80', '2016-06-05', '2019-10-07'),
('55', 'Project Iota', 'Designing smart cities for the future.', '44', '2005-04-26', '2020-01-15'),
('56', 'Project Alpha', 'A pioneering initiative focused on sustainable energy solutions.', '36', '2006-11-05', '2015-01-02'),
('57', 'Project Epsilon', 'Creating a platform for online education and skill development.', '81', '2012-02-17', '2010-02-19'),
('58', 'Project Beta', 'An innovative approach to enhancing urban mobility.', '69', '2000-09-23', '2003-06-10'),
('59', 'Project Kappa', 'Innovating methods for data privacy and security.', '22', '2005-11-23', '2018-06-13'),
('60', 'Project Eta', 'A community-driven project aimed at reducing waste.', '3', '2007-07-24', '2015-11-05'),
('61', 'Project Delta', 'Developing advanced AI algorithms for healthcare.', '16', '2011-08-09', '2011-10-21'),
('62', 'Project Sigma', 'A crop rotation project for sustainable agriculture.', '8', '2001-03-24', '2014-03-23'),
('63', 'Project Kappa', 'Innovating methods for data privacy and security.', '27', '2006-09-22', '2006-11-01'),
('64', 'Project Delta', 'Developing advanced AI algorithms for healthcare.', '26', '2024-03-31', '2001-08-13'),
('65', 'Project Tau', 'Mapping urban heat islands and proposing solutions.', '91', '2016-01-25', '2001-10-08'),
('66', 'Project Gamma', 'A comprehensive study on the impacts of climate change.', '37', '2000-08-14', '2018-07-10'),
('67', 'Project Xi', 'Building a network of solar energy microgrids.', '74', '2003-10-20', '2006-04-18'),
('68', 'Project Alpha', 'A pioneering initiative focused on sustainable energy solutions.', '42', '2014-08-07', '2022-07-23'),
('69', 'Project Mu', 'Development of a mobile app for local farmers.', '15', '2011-08-06', '2011-04-05'),
('70', 'Project Rho', 'Developing educational software for children with disabilities.', '28', '2020-11-18', '2009-01-27'),
('71', 'Project Alpha', 'A pioneering initiative focused on sustainable energy solutions.', '87', '2020-09-28', '2002-10-08'),
('72', 'Project Sigma', 'A crop rotation project for sustainable agriculture.', '20', '2004-01-22', '2002-11-28'),
('73', 'Project Beta', 'An innovative approach to enhancing urban mobility.', '86', '2001-04-17', '2015-05-04'),
('74', 'Project Beta', 'An innovative approach to enhancing urban mobility.', '51', '2000-02-13', '2012-12-30'),
('75', 'Project Upsilon', 'Revitalizing historic neighborhoods through art.', '81', '2013-10-30', '2008-06-21'),
('76', 'Project Alpha', 'A pioneering initiative focused on sustainable energy solutions.', '34', '2010-01-10', '2023-09-09'),
('77', 'Project Pi', 'Enhancing water purification techniques for communities.', '80', '2013-01-19', '2019-11-09'),
('78', 'Project Gamma', 'A comprehensive study on the impacts of climate change.', '60', '2000-04-17', '2010-12-03'),
('79', 'Project Gamma', 'A comprehensive study on the impacts of climate change.', '77', '2012-10-18', '2024-07-23'),
('80', 'Project Eta', 'A community-driven project aimed at reducing waste.', '12', '2015-07-11', '2018-06-17'),
('81', 'Project Gamma', 'A comprehensive study on the impacts of climate change.', '39', '2021-10-06', '2002-02-01'),
('82', 'Project Epsilon', 'Creating a platform for online education and skill development.', '97', '2017-05-15', '2004-12-11'),
('83', 'Project Lambda', 'A project to improve mental health care access.', '7', '2006-05-07', '2004-06-09'),
('84', 'Project Alpha', 'A pioneering initiative focused on sustainable energy solutions.', '52', '2014-02-14', '2015-06-04'),
('85', 'Project Nu', 'Investigating alternative proteins for a sustainable diet.', '68', '2015-05-01', '2005-02-23'),
('86', 'Project Pi', 'Enhancing water purification techniques for communities.', '94', '2001-02-27', '2021-11-23'),
('87', 'Project Pi', 'Enhancing water purification techniques for communities.', '42', '2004-02-14', '2015-10-11'),
('88', 'Project Zeta', 'Researching new methods in renewable resource management.', '58', '2014-05-19', '2013-08-02'),
('89', 'Project Theta', 'Exploring the potential of blockchain in supply chains.', '70', '2020-12-18', '2003-02-18'),
('90', 'Project Beta', 'An innovative approach to enhancing urban mobility.', '42', '2007-02-09', '2023-03-31'),
('91', 'Project Nu', 'Investigating alternative proteins for a sustainable diet.', '15', '2013-08-26', '2018-10-19'),
('92', 'Project Lambda', 'A project to improve mental health care access.', '95', '2000-08-07', '2015-03-10'),
('93', 'Project Tau', 'Mapping urban heat islands and proposing solutions.', '85', '2009-12-16', '2021-09-16'),
('94', 'Project Zeta', 'Researching new methods in renewable resource management.', '70', '2013-03-27', '2016-10-05'),
('95', 'Project Kappa', 'Innovating methods for data privacy and security.', '5', '2009-01-02', '2019-06-10'),
('96', 'Project Pi', 'Enhancing water purification techniques for communities.', '27', '2024-05-23', '2012-07-06'),
('97', 'Project Omicron', 'Creating an online marketplace for handmade goods.', '36', '2002-12-19', '2011-04-18'),
('98', 'Project Nu', 'Investigating alternative proteins for a sustainable diet.', '61', '2005-06-19', '2023-06-11'),
('99', 'Project Rho', 'Developing educational software for children with disabilities.', '39', '2010-11-25', '2004-06-20'),
('100', 'Project Tau', 'Mapping urban heat islands and proposing solutions.', '46', '2002-07-02', '2016-07-12');


INSERT INTO "tasks" ("id", "title", "description", "priority", "due_date", "project_id", "assigned_to", "created_at", "updated_at") VALUES
('1', 'Read a Book', 'Finish reading ''1984'' by George Orwell and take notes.', '2', '2012-07-20', '46', '80', '2009-09-04', '2010-04-25'),
('2', 'Workout Session', 'Do a 45-minute workout focusing on strength training.', '2', '2015-07-05', '13', '77', '2010-01-12', '2014-01-26'),
('3', 'Project Presentation Preparation', 'Prepare slides and content for the project presentation due next week.', '3', '2012-01-05', '11', '75', '2013-12-21', '2020-09-13'),
('4', 'Clean the Garage', 'Organize tools and declutter the garage space.', '1', '2017-07-03', '50', '69', '2007-06-01', '2005-08-27'),
('5', 'Workout Session', 'Do a 45-minute workout focusing on strength training.', '4', '2012-11-05', '70', '41', '2019-09-12', '2009-10-23'),
('6', 'Project Presentation Preparation', 'Prepare slides and content for the project presentation due next week.', '4', '2014-01-06', '93', '47', '2010-04-03', '2003-10-03'),
('7', 'Clean the Garage', 'Organize tools and declutter the garage space.', '4', '2008-09-28', '16', '8', '2018-12-21', '2009-08-30'),
('8', 'Laundry', 'Wash, dry, and fold clothes that have accumulated over the week.', '4', '2024-05-17', '77', '50', '2002-12-02', '2014-01-15'),
('9', 'Laundry', 'Wash, dry, and fold clothes that have accumulated over the week.', '3', '2019-02-14', '47', '55', '2014-06-23', '2003-08-30'),
('10', 'Clean the Garage', 'Organize tools and declutter the garage space.', '1', '2014-05-23', '38', '28', '2024-09-18', '2021-02-02'),
('11', 'Grocery Shopping', 'Purchase weekly groceries including fruits, vegetables, and household supplies.', '3', '2003-12-17', '22', '78', '2007-05-23', '2013-01-14'),
('12', 'Laundry', 'Wash, dry, and fold clothes that have accumulated over the week.', '1', '2002-01-21', '1', '41', '2007-04-03', '2016-10-26'),
('13', 'Plant Garden', 'Prepare garden beds and plant seasonal flowers and vegetables.', '1', '2024-04-21', '90', '63', '2001-08-30', '2013-01-10'),
('14', 'Update Resume', 'Revise and update the resume with new skills and experiences.', '1', '2018-12-22', '71', '69', '2002-06-21', '2004-09-26'),
('15', 'Project Presentation Preparation', 'Prepare slides and content for the project presentation due next week.', '3', '2004-01-31', '36', '81', '2015-01-07', '2007-05-13'),
('16', 'Plant Garden', 'Prepare garden beds and plant seasonal flowers and vegetables.', '3', '2015-01-30', '7', '74', '2024-07-31', '2016-09-07'),
('17', 'Call Mom', 'Make a phone call to check in on how my mom is doing.', '4', '2018-06-01', '46', '42', '2006-11-30', '2018-06-23'),
('18', 'Clean the Garage', 'Organize tools and declutter the garage space.', '1', '2007-03-04', '87', '14', '2005-05-28', '2002-07-18'),
('19', 'Read a Book', 'Finish reading ''1984'' by George Orwell and take notes.', '2', '2022-12-07', '89', '27', '2009-11-28', '2010-05-08'),
('20', 'Laundry', 'Wash, dry, and fold clothes that have accumulated over the week.', '4', '2012-09-25', '83', '1', '2003-09-06', '2017-05-28'),
('21', 'Workout Session', 'Do a 45-minute workout focusing on strength training.', '1', '2022-12-16', '80', '12', '2023-08-08', '2010-02-08'),
('22', 'Workout Session', 'Do a 45-minute workout focusing on strength training.', '1', '2016-05-02', '4', '81', '2014-04-14', '2024-12-09'),
('23', 'Workout Session', 'Do a 45-minute workout focusing on strength training.', '4', '2011-02-25', '35', '31', '2010-03-05', '2006-12-23'),
('24', 'Call Mom', 'Make a phone call to check in on how my mom is doing.', '4', '2022-09-27', '72', '35', '2003-02-03', '2015-09-18'),
('25', 'Laundry', 'Wash, dry, and fold clothes that have accumulated over the week.', '1', '2001-01-05', '53', '99', '2019-03-24', '2022-10-03'),
('26', 'Laundry', 'Wash, dry, and fold clothes that have accumulated over the week.', '1', '2004-08-04', '87', '31', '2001-12-31', '2007-07-27'),
('27', 'Read a Book', 'Finish reading ''1984'' by George Orwell and take notes.', '1', '2010-10-18', '70', '42', '2004-08-21', '2020-07-28'),
('28', 'Clean the Garage', 'Organize tools and declutter the garage space.', '2', '2016-01-19', '94', '68', '2008-03-11', '2011-07-20'),
('29', 'Grocery Shopping', 'Purchase weekly groceries including fruits, vegetables, and household supplies.', '4', '2006-04-02', '94', '81', '2019-12-24', '2002-12-14'),
('30', 'Project Presentation Preparation', 'Prepare slides and content for the project presentation due next week.', '1', '2005-09-12', '19', '71', '2022-08-04', '2011-09-03'),
('31', 'Grocery Shopping', 'Purchase weekly groceries including fruits, vegetables, and household supplies.', '4', '2000-09-02', '36', '10', '2016-11-11', '2016-10-01'),
('32', 'Grocery Shopping', 'Purchase weekly groceries including fruits, vegetables, and household supplies.', '3', '2024-10-27', '93', '43', '2015-07-09', '2013-10-01'),
('33', 'Clean the Garage', 'Organize tools and declutter the garage space.', '2', '2010-04-05', '82', '54', '2016-09-29', '2009-07-26'),
('34', 'Clean the Garage', 'Organize tools and declutter the garage space.', '2', '2012-07-15', '65', '79', '2003-04-30', '2009-11-30'),
('35', 'Laundry', 'Wash, dry, and fold clothes that have accumulated over the week.', '2', '2001-06-18', '74', '17', '2014-03-14', '2014-12-17'),
('36', 'Read a Book', 'Finish reading ''1984'' by George Orwell and take notes.', '3', '2005-02-05', '65', '97', '2011-12-26', '2021-02-04'),
('37', 'Update Resume', 'Revise and update the resume with new skills and experiences.', '3', '2019-04-27', '98', '66', '2003-06-11', '2017-06-15'),
('38', 'Read a Book', 'Finish reading ''1984'' by George Orwell and take notes.', '1', '2013-01-22', '47', '94', '2016-04-12', '2023-05-22'),
('39', 'Grocery Shopping', 'Purchase weekly groceries including fruits, vegetables, and household supplies.', '2', '2008-03-02', '19', '94', '2008-01-21', '2001-02-11'),
('40', 'Clean the Garage', 'Organize tools and declutter the garage space.', '4', '2013-12-21', '48', '39', '2008-01-29', '2001-08-20'),
('41', 'Book Flight', 'Find and book a round-trip flight to New York for the upcoming conference.', '1', '2023-02-21', '92', '7', '2003-03-09', '2009-11-03'),
('42', 'Workout Session', 'Do a 45-minute workout focusing on strength training.', '3', '2015-12-11', '7', '53', '2018-06-30', '2011-02-27'),
('43', 'Project Presentation Preparation', 'Prepare slides and content for the project presentation due next week.', '1', '2009-11-02', '21', '52', '2020-06-15', '2001-01-20'),
('44', 'Read a Book', 'Finish reading ''1984'' by George Orwell and take notes.', '3', '2019-02-19', '46', '50', '2008-07-11', '2010-07-08'),
('45', 'Read a Book', 'Finish reading ''1984'' by George Orwell and take notes.', '3', '2010-06-28', '81', '49', '2003-12-08', '2002-09-19'),
('46', 'Read a Book', 'Finish reading ''1984'' by George Orwell and take notes.', '3', '2003-09-20', '66', '66', '2006-02-16', '2020-02-09'),
('47', 'Workout Session', 'Do a 45-minute workout focusing on strength training.', '2', '2012-07-22', '26', '79', '2013-04-09', '2024-02-12'),
('48', 'Call Mom', 'Make a phone call to check in on how my mom is doing.', '4', '2010-04-11', '50', '8', '2011-09-23', '2004-02-05'),
('49', 'Grocery Shopping', 'Purchase weekly groceries including fruits, vegetables, and household supplies.', '1', '2006-04-12', '81', '7', '2007-08-05', '2009-02-13'),
('50', 'Book Flight', 'Find and book a round-trip flight to New York for the upcoming conference.', '4', '2011-05-05', '46', '2', '2008-08-20', '2023-05-01'),
('51', 'Project Presentation Preparation', 'Prepare slides and content for the project presentation due next week.', '2', '2001-08-04', '21', '84', '2019-03-21', '2025-02-18'),
('52', 'Clean the Garage', 'Organize tools and declutter the garage space.', '4', '2015-04-30', '11', '76', '2007-12-26', '2024-09-23'),
('53', 'Clean the Garage', 'Organize tools and declutter the garage space.', '3', '2001-01-15', '98', '72', '2010-06-04', '2022-04-02'),
('54', 'Laundry', 'Wash, dry, and fold clothes that have accumulated over the week.', '1', '2018-08-09', '62', '24', '2015-10-23', '2002-07-05'),
('55', 'Laundry', 'Wash, dry, and fold clothes that have accumulated over the week.', '4', '2021-08-15', '49', '49', '2023-12-25', '2007-07-19'),
('56', 'Workout Session', 'Do a 45-minute workout focusing on strength training.', '1', '2002-09-07', '46', '25', '2013-08-06', '2000-10-20'),
('57', 'Laundry', 'Wash, dry, and fold clothes that have accumulated over the week.', '3', '2017-02-01', '59', '45', '2011-03-01', '2001-10-28'),
('58', 'Call Mom', 'Make a phone call to check in on how my mom is doing.', '3', '2004-04-17', '19', '73', '2002-10-03', '2003-07-01'),
('59', 'Call Mom', 'Make a phone call to check in on how my mom is doing.', '2', '2021-06-25', '9', '20', '2014-05-13', '2004-07-13'),
('60', 'Read a Book', 'Finish reading ''1984'' by George Orwell and take notes.', '4', '2023-11-26', '75', '57', '2001-12-27', '2009-12-15'),
('61', 'Workout Session', 'Do a 45-minute workout focusing on strength training.', '1', '2017-07-23', '33', '44', '2013-04-21', '2021-07-31'),
('62', 'Project Presentation Preparation', 'Prepare slides and content for the project presentation due next week.', '3', '2022-10-08', '16', '39', '2005-07-19', '2012-06-24'),
('63', 'Project Presentation Preparation', 'Prepare slides and content for the project presentation due next week.', '1', '2002-05-02', '72', '38', '2016-05-02', '2006-06-05'),
('64', 'Project Presentation Preparation', 'Prepare slides and content for the project presentation due next week.', '1', '2009-01-27', '9', '73', '2000-03-15', '2015-07-06'),
('65', 'Book Flight', 'Find and book a round-trip flight to New York for the upcoming conference.', '4', '2006-02-14', '88', '28', '2023-07-19', '2001-01-14'),
('66', 'Workout Session', 'Do a 45-minute workout focusing on strength training.', '2', '2022-02-06', '93', '82', '2015-04-24', '2004-07-29'),
('67', 'Update Resume', 'Revise and update the resume with new skills and experiences.', '2', '2014-07-06', '88', '87', '2010-12-04', '2015-03-27'),
('68', 'Plant Garden', 'Prepare garden beds and plant seasonal flowers and vegetables.', '4', '2010-03-25', '67', '33', '2016-11-23', '2005-08-11'),
('69', 'Plant Garden', 'Prepare garden beds and plant seasonal flowers and vegetables.', '4', '2000-05-10', '57', '49', '2010-10-08', '2016-12-27'),
('70', 'Update Resume', 'Revise and update the resume with new skills and experiences.', '4', '2014-06-18', '77', '76', '2002-08-11', '2012-09-30'),
('71', 'Read a Book', 'Finish reading ''1984'' by George Orwell and take notes.', '2', '2009-10-18', '75', '16', '2007-06-14', '2003-03-22'),
('72', 'Book Flight', 'Find and book a round-trip flight to New York for the upcoming conference.', '2', '2018-12-19', '97', '86', '2016-12-28', '2019-10-24'),
('73', 'Read a Book', 'Finish reading ''1984'' by George Orwell and take notes.', '4', '2009-10-21', '61', '54', '2011-03-30', '2024-06-03'),
('74', 'Plant Garden', 'Prepare garden beds and plant seasonal flowers and vegetables.', '3', '2013-01-11', '21', '65', '2009-09-18', '2006-01-14'),
('75', 'Read a Book', 'Finish reading ''1984'' by George Orwell and take notes.', '4', '2016-05-09', '73', '36', '2024-09-22', '2013-12-25'),
('76', 'Grocery Shopping', 'Purchase weekly groceries including fruits, vegetables, and household supplies.', '2', '2004-03-08', '61', '97', '2014-01-14', '2012-09-21'),
('77', 'Call Mom', 'Make a phone call to check in on how my mom is doing.', '4', '2015-05-08', '34', '55', '2000-10-16', '2017-01-05'),
('78', 'Book Flight', 'Find and book a round-trip flight to New York for the upcoming conference.', '1', '2018-01-26', '21', '12', '2001-05-12', '2018-05-05'),
('79', 'Workout Session', 'Do a 45-minute workout focusing on strength training.', '2', '2024-01-18', '51', '47', '2016-04-12', '2011-12-26'),
('80', 'Grocery Shopping', 'Purchase weekly groceries including fruits, vegetables, and household supplies.', '2', '2002-07-03', '59', '73', '2011-12-04', '2015-05-30'),
('81', 'Plant Garden', 'Prepare garden beds and plant seasonal flowers and vegetables.', '1', '2001-04-12', '27', '31', '2008-01-03', '2011-10-05'),
('82', 'Clean the Garage', 'Organize tools and declutter the garage space.', '3', '2015-12-28', '37', '17', '2008-06-18', '2009-02-21'),
('83', 'Book Flight', 'Find and book a round-trip flight to New York for the upcoming conference.', '1', '2004-08-07', '48', '24', '2022-02-15', '2002-08-23'),
('84', 'Laundry', 'Wash, dry, and fold clothes that have accumulated over the week.', '2', '2009-03-10', '47', '92', '2013-09-07', '2009-07-25'),
('85', 'Workout Session', 'Do a 45-minute workout focusing on strength training.', '2', '2019-06-07', '91', '97', '2015-01-14', '2014-04-24'),
('86', 'Laundry', 'Wash, dry, and fold clothes that have accumulated over the week.', '1', '2003-06-16', '85', '33', '2022-06-08', '2017-08-06'),
('87', 'Clean the Garage', 'Organize tools and declutter the garage space.', '3', '2017-05-10', '18', '15', '2022-10-17', '2003-07-30'),
('88', 'Clean the Garage', 'Organize tools and declutter the garage space.', '2', '2006-01-20', '44', '33', '2005-09-23', '2024-04-20'),
('89', 'Plant Garden', 'Prepare garden beds and plant seasonal flowers and vegetables.', '4', '2000-08-12', '29', '23', '2010-07-31', '2003-10-28'),
('90', 'Grocery Shopping', 'Purchase weekly groceries including fruits, vegetables, and household supplies.', '3', '2016-04-20', '38', '19', '2002-10-29', '2012-06-30'),
('91', 'Update Resume', 'Revise and update the resume with new skills and experiences.', '3', '2018-03-31', '97', '13', '2010-12-28', '2021-07-28'),
('92', 'Grocery Shopping', 'Purchase weekly groceries including fruits, vegetables, and household supplies.', '3', '2009-01-21', '89', '5', '2000-04-27', '2017-07-09'),
('93', 'Update Resume', 'Revise and update the resume with new skills and experiences.', '2', '2022-09-22', '62', '96', '2000-10-09', '2012-12-04'),
('94', 'Call Mom', 'Make a phone call to check in on how my mom is doing.', '2', '2000-08-03', '43', '32', '2011-07-09', '2018-07-12'),
('95', 'Clean the Garage', 'Organize tools and declutter the garage space.', '2', '2005-09-09', '2', '22', '2008-07-02', '2019-08-13'),
('96', 'Book Flight', 'Find and book a round-trip flight to New York for the upcoming conference.', '4', '2006-09-14', '84', '46', '2021-10-31', '2006-01-04'),
('97', 'Workout Session', 'Do a 45-minute workout focusing on strength training.', '1', '2023-06-01', '14', '3', '2018-03-04', '2021-08-06'),
('98', 'Book Flight', 'Find and book a round-trip flight to New York for the upcoming conference.', '4', '2003-01-10', '36', '31', '2020-01-20', '2018-11-26'),
('99', 'Laundry', 'Wash, dry, and fold clothes that have accumulated over the week.', '2', '2012-01-01', '29', '30', '2016-03-22', '2021-08-16'),
('100', 'Plant Garden', 'Prepare garden beds and plant seasonal flowers and vegetables.', '3', '2010-02-03', '55', '78', '2012-03-25', '2000-09-24');


INSERT INTO "users" ("id", "username", "email", "password_hash", "created_at", "updated_at") VALUES
('1', 'gneem37589', 'giovanna.neem@hotmail.com', '5f4dcc3b5aa765d61d8327deb882cf99', '2024-04-21', '2003-04-01'),
('2', 'ajoplin3837', 'arline.joplin@hotmail.com', '5f4dcc3b5aa765d61d8327deb882cf99', '2001-05-23', '2000-12-09'),
('3', 'bghidetti35811', 'brian.ghidetti@gmail.com', '5f4dcc3b5aa765d61d8327deb882cf99', '2020-07-19', '2007-10-25'),
('4', 'cforeman21819', 'chastity.foreman@yahoo.com', '5f4dcc3b5aa765d61d8327deb882cf99', '2020-03-24', '2023-04-21'),
('5', 'rmensler9499', 'robbi.mensler@hotmail.com', '5f4dcc3b5aa765d61d8327deb882cf99', '2023-07-26', '2022-03-15'),
('6', 'icapelen59275', 'irena.capelen@yahoo.com', '5f4dcc3b5aa765d61d8327deb882cf99', '2014-04-11', '2021-06-03'),
('7', 'ehuyge18166', 'erminie.huyge@hotmail.com', '5f4dcc3b5aa765d61d8327deb882cf99', '2016-12-21', '2001-02-07'),
('8', 'mthirwell25187', 'monro.thirwell@aol.com', '5f4dcc3b5aa765d61d8327deb882cf99', '2024-03-16', '2023-07-28'),
('9', 'bjosephi41294', 'benjy.josephi@hotmail.co.uk', '5f4dcc3b5aa765d61d8327deb882cf99', '2006-05-15', '2021-05-14'),
('10', 'boverbury64438', 'bard.overbury@yahoo.com', '5f4dcc3b5aa765d61d8327deb882cf99', '2014-05-30', '2004-12-05'),
('11', 'lgosneye2917', 'lisa.gosneye@hotmail.com', '5f4dcc3b5aa765d61d8327deb882cf99', '2020-12-27', '2004-07-09'),
('12', 'mphillot51308', 'myles.phillot@gmail.com', '5f4dcc3b5aa765d61d8327deb882cf99', '2015-07-30', '2019-04-18'),
('13', 'amcvey747', 'alfie.mcvey@yahoo.com', '5f4dcc3b5aa765d61d8327deb882cf99', '2002-08-21', '2024-03-30'),
('14', 'gnason11915', 'griswold.nason@gmail.com', '5f4dcc3b5aa765d61d8327deb882cf99', '2004-06-20', '2021-12-22'),
('15', 'tausting51266', 'timmie.austing@hotmail.com', '5f4dcc3b5aa765d61d8327deb882cf99', '2002-09-16', '2006-05-01'),
('16', 'melles52735', 'mair.elles@yahoo.co.jp', '5f4dcc3b5aa765d61d8327deb882cf99', '2021-01-21', '2024-03-31'),
('17', 'ealeksandrov8305', 'elbert.aleksandrov@hotmail.com', '5f4dcc3b5aa765d61d8327deb882cf99', '2017-10-17', '2014-02-28'),
('18', 'mcod19996', 'marsiella.cod@yahoo.com.br', '5f4dcc3b5aa765d61d8327deb882cf99', '2022-01-01', '2015-01-19'),
('19', 'nmurley33653', 'noland.murley@gmail.com', '5f4dcc3b5aa765d61d8327deb882cf99', '2008-04-03', '2004-09-20'),
('20', 'aroeby21411', 'ambrosi.roeby@hotmail.com', '5f4dcc3b5aa765d61d8327deb882cf99', '2001-10-13', '2017-03-20'),
('21', 'bwestley16232', 'brear.westley@gmail.com', '5f4dcc3b5aa765d61d8327deb882cf99', '2012-04-30', '2012-07-06'),
('22', 'psansom9470', 'pieter.sansom@yahoo.com', '5f4dcc3b5aa765d61d8327deb882cf99', '2015-09-25', '2003-11-03'),
('23', 'blantaph26855', 'bertrand.lantaph@yahoo.com', '5f4dcc3b5aa765d61d8327deb882cf99', '2001-04-28', '2000-01-16'),
('24', 'kbucky7148', 'kris.bucky@aol.com', '5f4dcc3b5aa765d61d8327deb882cf99', '2015-08-24', '2015-09-08'),
('25', 'uewell26531', 'udale.ewell@gmail.com', '5f4dcc3b5aa765d61d8327deb882cf99', '2022-03-24', '2014-05-25'),
('26', 'dambroisin63496', 'der.ambroisin@hotmail.com', '5f4dcc3b5aa765d61d8327deb882cf99', '2006-08-06', '2007-06-30'),
('27', 'tkloster34961', 'travers.kloster@gmail.com', '5f4dcc3b5aa765d61d8327deb882cf99', '2022-06-01', '2015-11-07'),
('28', 'edibling36627', 'enriqueta.dibling@yahoo.com', '5f4dcc3b5aa765d61d8327deb882cf99', '2004-07-18', '2016-02-24'),
('29', 'jhulme29335', 'jerrold.hulme@skynet.be', '5f4dcc3b5aa765d61d8327deb882cf99', '2008-04-17', '2024-12-04'),
('30', 'ccantillion60644', 'carolyne.cantillion@hotmail.com', '5f4dcc3b5aa765d61d8327deb882cf99', '2013-06-12', '2012-06-08'),
('31', 'ahaker58930', 'agathe.haker@outlook.com', '5f4dcc3b5aa765d61d8327deb882cf99', '2022-01-14', '2016-08-13'),
('32', 'solding22158', 'sela.olding@hotmail.fr', '5f4dcc3b5aa765d61d8327deb882cf99', '2014-11-17', '2015-07-09'),
('33', 'pbrand-hardy43186', 'patrica.brandhardy@gmail.com', '5f4dcc3b5aa765d61d8327deb882cf99', '2000-09-12', '2015-05-23'),
('34', 'rbelf61152', 'renate.belf@yahoo.fr', '5f4dcc3b5aa765d61d8327deb882cf99', '2023-04-10', '2016-10-12'),
('35', 'rguyon365', 'reagen.guyon@hotmail.com', '5f4dcc3b5aa765d61d8327deb882cf99', '2000-01-24', '2025-01-01'),
('36', 'kmcphail62450', 'korry.mcphail@aol.com', '5f4dcc3b5aa765d61d8327deb882cf99', '2015-05-05', '2004-05-16'),
('37', 'gwhieldon25897', 'gigi.whieldon@yahoo.com', '5f4dcc3b5aa765d61d8327deb882cf99', '2020-01-03', '2010-11-28'),
('38', 'adanilewicz61012', 'aguste.danilewicz@gmail.com', '5f4dcc3b5aa765d61d8327deb882cf99', '2002-08-24', '2020-01-12'),
('39', 'ilantaff32156', 'ingrid.lantaff@hotmail.com', '5f4dcc3b5aa765d61d8327deb882cf99', '2018-09-04', '2003-08-07'),
('40', 'tdeniseau37584', 'talia.deniseau@yahoo.com', '5f4dcc3b5aa765d61d8327deb882cf99', '2009-09-03', '2000-12-11'),
('41', 'cliquorish33050', 'chicky.liquorish@yahoo.com', '5f4dcc3b5aa765d61d8327deb882cf99', '2006-12-12', '2017-10-14'),
('42', 'ayong63247', 'aurilia.yong@yahoo.com', '5f4dcc3b5aa765d61d8327deb882cf99', '2023-08-24', '2002-09-24'),
('43', 'bmaven60317', 'bessie.maven@yahoo.com', '5f4dcc3b5aa765d61d8327deb882cf99', '2008-05-31', '2021-06-27'),
('44', 'ttringham35240', 'tome.tringham@hotmail.com', '5f4dcc3b5aa765d61d8327deb882cf99', '2019-05-06', '2001-04-12'),
('45', 'lstopp33939', 'lazare.stopp@laposte.net', '5f4dcc3b5aa765d61d8327deb882cf99', '2012-08-16', '2018-01-28'),
('46', 'cteasdale-markie52988', 'cathie.teasdalemarkie@hotmail.com', '5f4dcc3b5aa765d61d8327deb882cf99', '2009-08-18', '2016-08-11'),
('47', 'bpim55921', 'brina.pim@gmail.com', '5f4dcc3b5aa765d61d8327deb882cf99', '2002-06-26', '2005-07-03'),
('48', 'ffranses43149', 'fredia.franses@gmail.com', '5f4dcc3b5aa765d61d8327deb882cf99', '2002-11-02', '2004-03-28'),
('49', 'bdandy660', 'barnett.dandy@yahoo.com', '5f4dcc3b5aa765d61d8327deb882cf99', '2014-04-17', '2019-11-13'),
('50', 'bmunden1197', 'branden.munden@gmail.com', '5f4dcc3b5aa765d61d8327deb882cf99', '2013-01-30', '2002-10-03'),
('51', 'aranald64483', 'aleksandr.ranald@libero.it', '5f4dcc3b5aa765d61d8327deb882cf99', '2010-09-12', '2020-10-19'),
('52', 'knajafian53335', 'kahaleel.najafian@yahoo.com', '5f4dcc3b5aa765d61d8327deb882cf99', '2012-04-12', '2009-11-28'),
('53', 'oadmans6943', 'oona.admans@yahoo.com', '5f4dcc3b5aa765d61d8327deb882cf99', '2023-06-11', '2002-12-06'),
('54', 'mhaseley52561', 'marianne.haseley@aol.com', '5f4dcc3b5aa765d61d8327deb882cf99', '2019-02-28', '2021-05-05'),
('55', 'dgrills9192', 'decca.grills@libero.it', '5f4dcc3b5aa765d61d8327deb882cf99', '2017-02-20', '2014-11-09'),
('56', 'gburgen50292', 'gusty.burgen@orange.fr', '5f4dcc3b5aa765d61d8327deb882cf99', '2007-12-10', '2018-12-28'),
('57', 'oturbefield57831', 'opaline.turbefield@hotmail.com', '5f4dcc3b5aa765d61d8327deb882cf99', '2000-02-11', '2015-03-17'),
('58', 'eletch33773', 'evyn.letch@yahoo.com', '5f4dcc3b5aa765d61d8327deb882cf99', '2024-12-15', '2007-11-17'),
('59', 'lkane56736', 'loree.kane@yahoo.com', '5f4dcc3b5aa765d61d8327deb882cf99', '2022-10-15', '2017-09-20'),
('60', 'lespley25205', 'laurice.espley@comcast.net', '5f4dcc3b5aa765d61d8327deb882cf99', '2022-04-19', '2025-02-01'),
('61', 'ckiffe59881', 'caterina.kiffe@live.com', '5f4dcc3b5aa765d61d8327deb882cf99', '2020-04-01', '2023-02-19'),
('62', 'nguinness3440', 'nita.guinness@gmail.com', '5f4dcc3b5aa765d61d8327deb882cf99', '2017-09-02', '2004-06-10'),
('63', 'ldobbyn37614', 'lucretia.dobbyn@hotmail.fr', '5f4dcc3b5aa765d61d8327deb882cf99', '2000-07-12', '2013-03-02'),
('64', 'straise34967', 'stevy.traise@hotmail.com', '5f4dcc3b5aa765d61d8327deb882cf99', '2004-05-10', '2024-07-15'),
('65', 'mkedslie40570', 'meggy.kedslie@yahoo.com', '5f4dcc3b5aa765d61d8327deb882cf99', '2019-05-01', '2024-04-07'),
('66', 'rlavallin58725', 'rosina.lavallin@gmail.com', '5f4dcc3b5aa765d61d8327deb882cf99', '2018-03-14', '2024-03-07'),
('67', 'jvelasquez15165', 'juan.velasquez@yahoo.com', '5f4dcc3b5aa765d61d8327deb882cf99', '2015-04-18', '2023-08-06'),
('68', 'jkohlert14161', 'judie.kohlert@orange.fr', '5f4dcc3b5aa765d61d8327deb882cf99', '2019-11-03', '2019-01-23'),
('69', 'esayse42751', 'emelia.sayse@gmail.com', '5f4dcc3b5aa765d61d8327deb882cf99', '2013-08-17', '2019-11-11'),
('70', 'cavramov3586', 'carolynn.avramov@yahoo.com', '5f4dcc3b5aa765d61d8327deb882cf99', '2001-06-26', '2015-04-16'),
('71', 'esnasdell28870', 'elle.snasdell@cox.net', '5f4dcc3b5aa765d61d8327deb882cf99', '2014-03-29', '2009-08-13'),
('72', 'jmulroy13970', 'jerald.mulroy@ntlworld.com', '5f4dcc3b5aa765d61d8327deb882cf99', '2002-08-16', '2019-11-23'),
('73', 'jfarry9398', 'jourdain.farry@msn.com', '5f4dcc3b5aa765d61d8327deb882cf99', '2024-08-01', '2001-08-06'),
('74', 'lalbro60964', 'livia.albro@yahoo.fr', '5f4dcc3b5aa765d61d8327deb882cf99', '2008-01-10', '2000-09-23'),
('75', 'cde lisle1590', 'corbett.delisle@verizon.net', '5f4dcc3b5aa765d61d8327deb882cf99', '2002-02-27', '2012-02-15'),
('76', 'fanderer34865', 'fredrika.anderer@hotmail.com', '5f4dcc3b5aa765d61d8327deb882cf99', '2003-05-03', '2020-08-03'),
('77', 'wsteptowe19304', 'worthy.steptowe@yahoo.com', '5f4dcc3b5aa765d61d8327deb882cf99', '2020-11-01', '2001-02-02'),
('78', 'rwoodhead42955', 'reena.woodhead@yahoo.it', '5f4dcc3b5aa765d61d8327deb882cf99', '2000-10-20', '2010-04-13'),
('79', 'agyngyll5661', 'aaren.gyngyll@hotmail.fr', '5f4dcc3b5aa765d61d8327deb882cf99', '2024-09-10', '2015-12-16'),
('80', 'kschutt36661', 'kevyn.schutt@hotmail.com', '5f4dcc3b5aa765d61d8327deb882cf99', '2017-06-03', '2003-01-23'),
('81', 'fhorlick4882', 'farley.horlick@yahoo.co.in', '5f4dcc3b5aa765d61d8327deb882cf99', '2014-05-31', '2012-11-17'),
('82', 'sbrabin60792', 'sharl.brabin@gmail.com', '5f4dcc3b5aa765d61d8327deb882cf99', '2004-08-10', '2001-06-02'),
('83', 'cnowick5803', 'caro.nowick@yahoo.com', '5f4dcc3b5aa765d61d8327deb882cf99', '2020-02-15', '2010-05-11'),
('84', 'osamart32810', 'osbourn.samart@hotmail.com', '5f4dcc3b5aa765d61d8327deb882cf99', '2009-02-04', '2002-06-19'),
('85', 'ksterzaker45085', 'kaitlyn.sterzaker@terra.com.br', '5f4dcc3b5aa765d61d8327deb882cf99', '2024-09-05', '2013-12-11'),
('86', 'ccallacher7045', 'codi.callacher@hotmail.com', '5f4dcc3b5aa765d61d8327deb882cf99', '2020-12-14', '2007-01-28'),
('87', 'croskilly14667', 'cleo.roskilly@mail.com', '5f4dcc3b5aa765d61d8327deb882cf99', '2023-12-21', '2000-06-04'),
('88', 'clattimore26714', 'christoph.lattimore@yahoo.com', '5f4dcc3b5aa765d61d8327deb882cf99', '2011-04-28', '2024-01-14'),
('89', 'sstrode23436', 'shalne.strode@hotmail.com', '5f4dcc3b5aa765d61d8327deb882cf99', '2013-08-11', '2014-04-10'),
('90', 'aguard49271', 'ailene.guard@yahoo.co.jp', '5f4dcc3b5aa765d61d8327deb882cf99', '2022-11-06', '2015-11-17'),
('91', 'ctollet29405', 'connie.tollet@hotmail.fr', '5f4dcc3b5aa765d61d8327deb882cf99', '2012-01-20', '2020-02-06'),
('92', 'bde blase16519', 'bendite.deblase@yahoo.fr', '5f4dcc3b5aa765d61d8327deb882cf99', '2021-07-02', '2016-07-22'),
('93', 'sbasezzi16508', 'sharona.basezzi@yahoo.com', '5f4dcc3b5aa765d61d8327deb882cf99', '2007-01-25', '2020-03-08'),
('94', 'epierrepont62632', 'edi.pierrepont@yahoo.com', '5f4dcc3b5aa765d61d8327deb882cf99', '2003-11-09', '2013-12-12'),
('95', 'dlyenyng40155', 'demetris.lyenyng@gmail.com', '5f4dcc3b5aa765d61d8327deb882cf99', '2004-01-20', '2024-03-02'),
('96', 'vlantiffe8400', 'vikky.lantiffe@wanadoo.fr', '5f4dcc3b5aa765d61d8327deb882cf99', '2009-07-16', '2022-02-11'),
('97', 'jerrichelli7563', 'jeremiah.errichelli@hotmail.com', '5f4dcc3b5aa765d61d8327deb882cf99', '2009-03-23', '2015-04-27'),
('98', 'td''ambrosi17280', 'tuck.dambrosi@gmail.com', '5f4dcc3b5aa765d61d8327deb882cf99', '2004-07-12', '2017-10-13'),
('99', 'fgergler19607', 'frank.gergler@gmail.com', '5f4dcc3b5aa765d61d8327deb882cf99', '2013-03-09', '2009-11-05'),
('100', 'rde benedetti25052', 'rudy.debenedetti@yahoo.com', '5f4dcc3b5aa765d61d8327deb882cf99', '2012-06-29', '2023-08-09');


SET session_replication_role = 'origin';
